<?xml version="1.0" encoding="UTF-8"?>
<message>
	<header>
		<user_id>RM1</user_id>
		<message_type>DeleteDocuments</message_type>
		<source_app_id>LOS</source_app_id>
		<request_timestamp>09-11-2012 09:07:00 AM</request_timestamp>
		<receive_timestamp>09-11-2012 09:08:00 AM</receive_timestamp>
		<response_timestamp>09-11-2012 09:09:00 AM</response_timestamp>
		<response_status>
			<status>0</status>
			<exception>
				<ErrorCode/>
				<ErrorMessage/>
			</exception>
		</response_status>
	</header>
<body>	
</body>
</message>