<?xml version="1.0" encoding="UTF-8"?>
<message>
	<header>
		<user_id>RM1</user_id>
		<message_type>ReassigningDocuments</message_type>
		<source_app_id>LOS</source_app_id>
		<request_timestamp>03-12-2012 09:07:00 AM</request_timestamp>
	</header>
	<body>
	<message_request>
		<old_branch_number>100</old_branch_number>
		<old_cust_type>Enterprise</old_cust_type>
		<cust_id_number>XX12345678</cust_id_number>
		<cust_id_type>01</cust_id_type>
		<new_branch_number>106</new_branch_number>
		<new_cust_type>Retail</new_cust_type>
		<old_owner_name>RM1</old_owner_name>
		<new_owner_name>RM2</new_owner_name>
	</message_request>
	</body>	
</message>