<?xml version="1.0" encoding="UTF-8"?>
<message>
	<header>
		<user_id>RM1</user_id>
		<message_type>SearchByMetadata</message_type>
		<source_app_id>LOS</source_app_id>
		<request_timestamp>09-11-2012 09:07:00 AM</request_timestamp>
	</header>
	<body>
	<message_request>
		<SearchFilters>
			<branch_number>001</branch_number>
			<cust_type>Enterprise</cust_type>
			<cust_id_number></cust_id_number>
			<cust_id_type></cust_id_type>
			<car_year_created></car_year_created>			
			<facility_number></facility_number>
			<collateral_number></collateral_number>
			<doc_sub_type></doc_sub_type>
			<cust_cif_number></cust_cif_number>	
			<cust_name></cust_name>
			<upload_by></upload_by>		
		</SearchFilters>
	</message_request>
</body>	
</message>