<?xml version="1.0" encoding="UTF-8"?>
<message>
	<header>
		<user_id>RM1</user_id>
		<message_type>SearchByMetadata</message_type>
		<source_app_id>LOS</source_app_id>
		<request_timestamp>09-11-2012 09:07:00 AM</request_timestamp>
		<receive_timestamp>09-11-2012 09:08:00 AM</receive_timestamp>
		<response_timestamp>09-11-2012 09:09:00 AM</response_timestamp>
		<response_status>
			<status>0</status>
			<exception>
				<ErrorCode/>
				<ErrorMessage/>
			</exception>
		</response_status>
	</header>
	<body>
	<message_response>	
		<Documents>
			<Document>
				<document_id>0901e2408009a53e</document_id>
				<document_name>Example1</document_name>
				<url_link>http://10.6.129.174:8080/ecm/drl/objectId</url_link>
				<creation_date>10/31/2012 1:45:55 PM</creation_date>
				<upload_by>losuser1</upload_by>
				<doc_sub_type>Customer Notes</doc_sub_type>
			</Document>
			<Document>
				<document_id>0901e2408009a53f</document_id>
				<document_name>Example2</document_name>
				<url_link>http://10.6.129.174:8080/ecm/drl/objectId</url_link>
				<creation_date>10/31/2012 1:46:15 PM</creation_date>
				<upload_by>losuser1</upload_by>
				<doc_sub_type>Customer Notes</doc_sub_type>
			</Document>	
		</Documents>	
	</message_response>
	</body>
</message>