<?xml version="1.0" encoding="UTF-8"?>
<message> 
<header> 
<user_id>losaccount</user_id> 
<message_type>TreeStructureView</message_type> 
<source_app_id>LOS</source_app_id> 
<request_timestamp>29112012 11:44:48 AM </request_timestamp> 
<receive_timestamp>29112012 11:44:49 AM</receive_timestamp> 
<response_timestamp>29112012 11:44:49 AM</response_timestamp> 
<response_status> 
<status>0</status>
<Exception> <ErrorCode/> 
<ErrorMessage/> </Exception> 
</response_status> </header> 
<body> 
<message_response> 
<Folder_Name>Branch 100<Folder_Name>Enterprise<Folder_Name>XX12345678Passport<Folder_Name>Legal Docs<Folder_Name>Customer Notes<Document_Name>ECM Document 1354099315223</Document_Name> </Folder_Name> </Folder_Name> <Folder_Name>Customer Other Docs<Folder_Name>Call Report<Document_Name>ECM Document 1354099373644</Document_Name> </Folder_Name> </Folder_Name> <Folder_Name>Loan Docs<Folder_Name>2012<Folder_Name>Application Notes<Document_Name>ECM Document 1354099397566</Document_Name> </Folder_Name> </Folder_Name> </Folder_Name> </Folder_Name> </Folder_Name> </Folder_Name> </message_response> 
</body> 
</message>