<?xml version="1.0" encoding="UTF-8"?>
<message>
	<header>
		<user_id>RM1</user_id>
		<message_type>UpdateDocuments</message_type>
		<source_app_id>LOS</source_app_id>
		<request_timestamp>09-11-2012 09:07:00 AM</request_timestamp>
	</header>
	<body>
		<message_request>
			<Documents>
				<Document>
				    <document_id>0901e24080074fd0</document_id>
					<branch_number>001</branch_number>
					<cust_type>Enterprise</cust_type>
					<cust_id_number>XX12345678</cust_id_number>
					<cust_id_type>01</cust_id_type>
					<car_year_created>2012</car_year_created>					
					<facility_number>2005000000001</facility_number>
					<collateral_number>20070510000290</collateral_number>					
					<doc_sub_type>Collateral</doc_sub_type>
					<cust_name>John K</cust_name>
					<cust_cif_number>123456</cust_cif_number>				
				</Document>
				<Document>
				    <document_id>0901e24080074fd1</document_id>
					<branch_number>001</branch_number>
					<cust_type>Enterprise</cust_type>
					<cust_id_number>XX12345678</cust_id_number>
					<cust_id_type>01</cust_id_type>
					<car_year_created>2012</car_year_created>					
					<facility_number>2005000000001</facility_number>
					<collateral_number>20070510000290</collateral_number>					
					<doc_sub_type>Collateral</doc_sub_type>
					<cust_name>John K</cust_name>
					<cust_cif_number>123456</cust_cif_number>				
				</Document>
			</Documents>
		</message_request>
	</body>	
</message>